code,pref,city,pop,did,did_prop
1000,北海道,北海道,5224614,3973007,76.0440292813976
1100,北海道,札幌市,1973395,1916037,97.0934354247376
1202,北海道,函館市,251084,216044,86.0445110003027
1203,北海道,小樽市,111299,92939,83.5038949137009
1204,北海道,旭川市,329306,306545,93.0881915300663
1205,北海道,室蘭市,82383,68514,83.1652161246859
1206,北海道,釧路市,165077,148153,89.7478146561908
1207,北海道,帯広市,166536,151326,90.8668396022482
1208,北海道,北見市,115480,77537,67.1432282646346
1209,北海道,夕張市,7334,0,0
1210,北海道,岩見沢市,79306,47022,59.2918568582453
1211,北海道,網走市,35759,23129,64.6802203641041
1212,北海道,留萌市,20114,14870,73.9286069404395
1213,北海道,苫小牧市,170113,142122,83.5456431901148
1214,北海道,稚内市,33563,26159,77.9399934451628
1215,北海道,美唄市,20413,9671,47.3766717288003
1216,北海道,芦別市,12555,5364,42.7240143369176
1217,北海道,江別市,121056,110103,90.952121332276
1218,北海道,赤平市,9698,0,0
1219,北海道,紋別市,21215,14294,67.3768559981145
1220,北海道,士別市,17858,10468,58.6179863366558
1221,北海道,名寄市,27282,17889,65.5707059599736
1222,北海道,三笠市,8040,0,0
1223,北海道,根室市,24636,14007,56.8558207501218
1224,北海道,千歳市,97950,84325,86.089841755998
1225,北海道,滝川市,39490,28615,72.4613826285136
1226,北海道,砂川市,16486,5033,30.5289336406648
1227,北海道,歌志内市,2989,0,0
1228,北海道,深川市,20039,9591,47.8616697439992
1229,北海道,富良野市,21131,13246,62.6851545123279
1230,北海道,登別市,46391,34190,73.6996400163825
1231,北海道,恵庭市,70331,64284,91.4020844293413
1233,北海道,伊達市,32826,20922,63.7360628769878
1234,北海道,北広島市,58171,50263,86.4055972907462
1235,北海道,石狩市,56869,44733,78.6597267404034
1236,北海道,北斗市,44302,28056,63.3289693467564
1303,北海道,当別町,15916,5436,34.1543101281729
1304,北海道,新篠津村,3044,0,0
1331,北海道,松前町,6260,0,0
1332,北海道,福島町,3794,0,0
1333,北海道,知内町,4167,0,0
1334,北海道,木古内町,3832,0,0
1337,北海道,七飯町,27686,12644,45.6692913385827
1343,北海道,鹿部町,3760,0,0
1345,北海道,森町,14338,0,0
1346,北海道,八雲町,15826,6799,42.960950334892
1347,北海道,長万部町,5109,0,0
1361,北海道,江差町,7428,0,0
1362,北海道,上ノ国町,4306,0,0
1363,北海道,厚沢部町,3592,0,0
1364,北海道,乙部町,3403,0,0
1367,北海道,奥尻町,2410,0,0
1370,北海道,今金町,5072,0,0
1371,北海道,せたな町,7398,0,0
1391,北海道,島牧村,1356,0,0
1392,北海道,寿都町,2838,0,0
1393,北海道,黒松内町,2791,0,0
1394,北海道,蘭越町,4568,0,0
1395,北海道,ニセコ町,5074,0,0
1396,北海道,真狩村,2045,0,0
1397,北海道,留寿都村,1911,0,0
1398,北海道,喜茂別町,2156,0,0
1399,北海道,京極町,2941,0,0
1400,北海道,倶知安町,15129,10117,66.871571154736
1401,北海道,共和町,5772,0,0
1402,北海道,岩内町,11648,8753,75.1459478021978
1403,北海道,泊村,1569,0,0
1404,北海道,神恵内村,870,0,0
1405,北海道,積丹町,1831,0,0
1406,北海道,古平町,2745,0,0
1407,北海道,仁木町,3180,0,0
1408,北海道,余市町,18000,8100,45
1409,北海道,赤井川村,1165,0,0
1423,北海道,南幌町,7319,0,0
1424,北海道,奈井江町,5120,0,0
1425,北海道,上砂川町,2841,0,0
1427,北海道,由仁町,4822,0,0
1428,北海道,長沼町,10289,0,0
1429,北海道,栗山町,11272,6408,56.8488289567069
1430,北海道,月形町,3691,0,0
1431,北海道,浦臼町,1732,0,0
1432,北海道,新十津川町,6484,0,0
1433,北海道,妹背牛町,2693,0,0
1434,北海道,秩父別町,2329,0,0
1436,北海道,雨竜町,2389,0,0
1437,北海道,北竜町,1724,0,0
1438,北海道,沼田町,2909,0,0
1452,北海道,鷹栖町,6567,0,0
1453,北海道,東神楽町,10127,0,0
1454,北海道,当麻町,6319,0,0
1455,北海道,比布町,3520,0,0
1456,北海道,愛別町,2605,0,0
1457,北海道,上川町,3500,0,0
1458,北海道,東川町,8314,0,0
1459,北海道,美瑛町,9668,0,0
1460,北海道,上富良野町,10348,5542,53.5562427522227
1461,北海道,中富良野町,4733,0,0
1462,北海道,南富良野町,2376,0,0
1463,北海道,占冠村,1306,0,0
1464,北海道,和寒町,3192,0,0
1465,北海道,剣淵町,2926,0,0
1468,北海道,下川町,3126,0,0
1469,北海道,美深町,4145,0,0
1470,北海道,音威子府村,706,0,0
1471,北海道,中川町,1528,0,0
1472,北海道,幌加内町,1370,0,0
1481,北海道,増毛町,3908,0,0
1482,北海道,小平町,2994,0,0
1483,北海道,苫前町,2936,0,0
1484,北海道,羽幌町,6548,0,0
1485,北海道,初山別村,1080,0,0
1486,北海道,遠別町,2520,0,0
1487,北海道,天塩町,2950,0,0
1511,北海道,猿払村,2611,0,0
1512,北海道,浜頓別町,3448,0,0
1513,北海道,中頓別町,1637,0,0
1514,北海道,枝幸町,7565,0,0
1516,北海道,豊富町,3974,0,0
1517,北海道,礼文町,2509,0,0
1518,北海道,利尻町,2004,0,0
1519,北海道,利尻富士町,2458,0,0
1520,北海道,幌延町,2371,0,0
1543,北海道,美幌町,18697,12493,66.8182061293256
1544,北海道,津別町,4373,0,0
1545,北海道,斜里町,11418,0,0
1546,北海道,清里町,3883,0,0
1547,北海道,小清水町,4623,0,0
1549,北海道,訓子府町,4677,0,0
1550,北海道,置戸町,2775,0,0
1552,北海道,佐呂間町,4875,0,0
1555,北海道,遠軽町,19241,7880,40.954212359025
1559,北海道,湧別町,8270,0,0
1560,北海道,滝上町,2421,0,0
1561,北海道,興部町,3628,0,0
1562,北海道,西興部村,1053,0,0
1563,北海道,雄武町,4199,0,0
1564,北海道,大空町,6775,0,0
1571,北海道,豊浦町,3821,0,0
1575,北海道,壮瞥町,2743,0,0
1578,北海道,白老町,16212,0,0
1581,北海道,厚真町,4432,0,0
1584,北海道,洞爺湖町,8442,0,0
1585,北海道,安平町,7340,0,0
1586,北海道,むかわ町,7651,0,0
1601,北海道,日高町,11279,0,0
1602,北海道,平取町,4776,0,0
1604,北海道,新冠町,5309,0,0
1607,北海道,浦河町,12074,0,0
1608,北海道,様似町,4043,0,0
1609,北海道,えりも町,4374,0,0
1610,北海道,新ひだか町,21517,11042,51.3175628572757
1631,北海道,音更町,43576,35028,80.3836974481366
1632,北海道,士幌町,5848,0,0
1633,北海道,上士幌町,4778,0,0
1634,北海道,鹿追町,5266,0,0
1635,北海道,新得町,5817,0,0
1636,北海道,清水町,9094,0,0
1637,北海道,芽室町,18048,11919,66.0405585106383
1638,北海道,中札内村,3884,0,0
1639,北海道,更別村,3080,0,0
1641,北海道,大樹町,5420,0,0
1642,北海道,広尾町,6387,0,0
1643,北海道,幕別町,25766,15909,61.7441589691842
1644,北海道,池田町,6294,0,0
1645,北海道,豊頃町,3022,0,0
1646,北海道,本別町,6618,0,0
1647,北海道,足寄町,6563,0,0
1648,北海道,陸別町,2264,0,0
1649,北海道,浦幌町,4387,0,0
1661,北海道,釧路町,19105,10191,53.3420570531275
1662,北海道,厚岸町,8892,0,0
1663,北海道,浜中町,5507,0,0
1664,北海道,標茶町,7230,0,0
1665,北海道,弟子屈町,6955,0,0
1667,北海道,鶴居村,2558,0,0
1668,北海道,白糠町,7289,0,0
1691,北海道,別海町,14380,0,0
1692,北海道,中標津町,23010,9295,40.3954802259887
1693,北海道,標津町,5023,0,0
1694,北海道,羅臼町,4722,0,0
2000,青森県,青森県,1237984,587023,47.4176564479024
2201,青森県,青森市,275192,219275,79.6807319980232
2202,青森県,弘前市,168466,115326,68.4565431600442
2203,青森県,八戸市,223415,157255,70.3869480563078
2204,青森県,黒石市,31946,15037,47.0700557190259
2205,青森県,五所川原市,51415,14552,28.3030244092191
2206,青森県,十和田市,60378,26838,44.4499652191196
2207,青森県,三沢市,39152,21981,56.1427257866776
2208,青森県,むつ市,54103,16759,30.9761011404174
2209,青森県,つがる市,30934,0,0
2210,青森県,平川市,30567,0,0
2301,青森県,平内町,10126,0,0
2303,青森県,今別町,2334,0,0
2304,青森県,蓬田村,2540,0,0
2307,青森県,外ヶ浜町,5401,0,0
2321,青森県,鰺ヶ沢町,9044,0,0
2323,青森県,深浦町,7346,0,0
2343,青森県,西目屋村,1265,0,0
2361,青森県,藤崎町,14573,0,0
2362,青森県,大鰐町,8665,0,0
2367,青森県,田舎館村,7326,0,0
2381,青森県,板柳町,12700,0,0
2384,青森県,鶴田町,12074,0,0
2387,青森県,中泊町,9657,0,0
2401,青森県,野辺地町,12374,0,0
2402,青森県,七戸町,14556,0,0
2405,青森県,六戸町,10447,0,0
2406,青森県,横浜町,4229,0,0
2408,青森県,東北町,16428,0,0
2411,青森県,六ヶ所村,10367,0,0
2412,青森県,おいらせ町,24273,0,0
2423,青森県,大間町,4718,0,0
2424,青森県,東通村,5955,0,0
2425,青森県,風間浦村,1636,0,0
2426,青森県,佐井村,1788,0,0
2441,青森県,三戸町,9082,0,0
2442,青森県,五戸町,16042,0,0
2443,青森県,田子町,4968,0,0
2445,青森県,南部町,16809,0,0
2446,青森県,階上町,13496,0,0
2450,青森県,新郷村,2197,0,0
3000,岩手県,岩手県,1210534,400246,33.0635901180801
3201,岩手県,盛岡市,289731,235450,81.2650354984451
3202,岩手県,宮古市,50369,10781,21.404038198098
3203,岩手県,大船渡市,34728,0,0
3205,岩手県,花巻市,93193,18282,19.617353234685
3206,岩手県,北上市,93045,32129,34.5306034714386
3207,岩手県,久慈市,33043,7017,21.2359652573919
3208,岩手県,遠野市,25366,0,0
3209,岩手県,一関市,111932,19247,17.1952614087124
3210,岩手県,陸前高田市,18262,0,0
3211,岩手県,釜石市,32078,12730,39.6845189849741
3213,岩手県,二戸市,25513,0,0
3214,岩手県,八幡平市,24023,0,0
3215,岩手県,奥州市,112937,25043,22.1743095708227
3216,岩手県,滝沢市,55579,26837,48.2862232138038
3301,岩手県,雫石町,15731,0,0
3302,岩手県,葛巻町,5634,0,0
3303,岩手県,岩手町,12285,0,0
3321,岩手県,紫波町,32147,0,0
3322,岩手県,矢巾町,28056,12730,45.3735386370117
3366,岩手県,西和賀町,5134,0,0
3381,岩手県,金ケ崎町,15535,0,0
3402,岩手県,平泉町,7252,0,0
3441,岩手県,住田町,5045,0,0
3461,岩手県,大槌町,11004,0,0
3482,岩手県,山田町,14320,0,0
3483,岩手県,岩泉町,8726,0,0
3484,岩手県,田野畑村,3059,0,0
3485,岩手県,普代村,2487,0,0
3501,岩手県,軽米町,8421,0,0
3503,岩手県,野田村,3936,0,0
3506,岩手県,九戸村,5378,0,0
3507,岩手県,洋野町,15091,0,0
3524,岩手県,一戸町,11494,0,0
4000,宮城県,宮城県,2301996,1508978,65.5508523907079
4100,宮城県,仙台市,1096704,1004465,91.589435253268
4202,宮城県,石巻市,140151,79830,56.9599931502451
4203,宮城県,塩竈市,52203,46734,89.5235905982415
4205,宮城県,気仙沼市,61147,5790,9.46898457814774
4206,宮城県,白石市,32758,12004,36.6444837902192
4207,宮城県,名取市,78718,55181,70.0995960263218
4208,宮城県,角田市,27976,5784,20.674864169288
4209,宮城県,多賀城市,62827,59831,95.2313495790027
4211,宮城県,岩沼市,44068,32931,74.7276935644912
4212,宮城県,登米市,76037,9968,13.1094072622539
4213,宮城県,栗原市,64637,0,0
4214,宮城県,東松島市,39098,20248,51.7878152335158
4215,宮城県,大崎市,127330,46935,36.8609125893348
4216,宮城県,富谷市,51651,36721,71.0944609010474
4301,宮城県,蔵王町,11418,0,0
4302,宮城県,七ヶ宿町,1262,0,0
4321,宮城県,大河原町,23571,17101,72.5510160790802
4322,宮城県,村田町,10666,0,0
4323,宮城県,柴田町,38271,23663,61.8301063468423
4324,宮城県,川崎町,8345,0,0
4341,宮城県,丸森町,12262,0,0
4361,宮城県,亘理町,33087,5267,15.9186387402908
4362,宮城県,山元町,12046,0,0
4401,宮城県,松島町,13323,6592,49.4783457179314
4404,宮城県,七ヶ浜町,18132,7307,40.2989190381646
4406,宮城県,利府町,35182,11721,33.3153317037121
4421,宮城県,大和町,28786,20905,72.6221079691517
4422,宮城県,大郷町,7813,0,0
4424,宮城県,大衡村,5849,0,0
4444,宮城県,色麻町,6698,0,0
4445,宮城県,加美町,21943,0,0
4501,宮城県,涌谷町,15388,0,0
4505,宮城県,美里町,23994,0,0
4581,宮城県,女川町,6430,0,0
4606,宮城県,南三陸町,12225,0,0
5000,秋田県,秋田県,959502,340699,35.5078988892155
5201,秋田県,秋田市,307672,245611,79.8288437036844
5202,秋田県,能代市,49968,17269,34.5601184758245
5203,秋田県,横手市,85555,11205,13.0968382911577
5204,秋田県,大館市,69237,24063,34.7545387581784
5206,秋田県,男鹿市,25154,0,0
5207,秋田県,湯沢市,42091,9641,22.9051341141812
5209,秋田県,鹿角市,29088,0,0
5210,秋田県,由利本荘市,74707,16115,21.5709371277123
5211,秋田県,潟上市,31720,0,0
5212,秋田県,大仙市,77657,16795,21.6271553111761
5213,秋田県,北秋田市,30198,0,0
5214,秋田県,にかほ市,23435,0,0
5215,秋田県,仙北市,24610,0,0
5303,秋田県,小坂町,4780,0,0
5327,秋田県,上小阿仁村,2063,0,0
5346,秋田県,藤里町,2896,0,0
5348,秋田県,三種町,15254,0,0
5349,秋田県,八峰町,6577,0,0
5361,秋田県,五城目町,8538,0,0
5363,秋田県,八郎潟町,5583,0,0
5366,秋田県,井川町,4566,0,0
5368,秋田県,大潟村,3011,0,0
5434,秋田県,美郷町,18613,0,0
5463,秋田県,羽後町,13825,0,0
5464,秋田県,東成瀬村,2704,0,0
6000,山形県,山形県,1068027,492405,46.1041715237536
6201,山形県,山形市,247590,184382,74.4706975241326
6202,山形県,米沢市,81252,43470,53.5002215330084
6203,山形県,鶴岡市,122347,57238,46.783329382821
6204,山形県,酒田市,100273,58673,58.5132588034665
6205,山形県,新庄市,34432,17737,51.5131273234201
6206,山形県,寒河江市,40189,22118,55.0349598148747
6207,山形県,上山市,29110,15611,53.6276193747853
6208,山形県,村山市,22516,6958,30.9024693551252
6209,山形県,長井市,26543,10538,39.7016162453378
6210,山形県,天童市,62140,39650,63.8075313807531
6211,山形県,東根市,47682,16300,34.1848076842414
6212,山形県,尾花沢市,14971,0,0
6213,山形県,南陽市,30420,6308,20.7363576594346
6301,山形県,山辺町,13725,7235,52.7140255009107
6302,山形県,中山町,10746,0,0
6321,山形県,河北町,17641,6187,35.0717079530639
6322,山形県,西川町,4956,0,0
6323,山形県,朝日町,6366,0,0
6324,山形県,大江町,7646,0,0
6341,山形県,大石田町,6577,0,0
6361,山形県,金山町,5071,0,0
6362,山形県,最上町,8080,0,0
6363,山形県,舟形町,5007,0,0
6364,山形県,真室川町,7203,0,0
6365,山形県,大蔵村,3028,0,0
6366,山形県,鮭川村,3902,0,0
6367,山形県,戸沢村,4199,0,0
6381,山形県,高畠町,22463,0,0
6382,山形県,川西町,14558,0,0
6401,山形県,小国町,7107,0,0
6402,山形県,白鷹町,12890,0,0
6403,山形県,飯豊町,6613,0,0
6426,山形県,三川町,7601,0,0
6428,山形県,庄内町,20151,0,0
6461,山形県,遊佐町,13032,0,0
7000,福島県,福島県,1833152,773118,42.1742441434207
7201,福島県,福島市,282693,185024,65.4505063797123
7202,福島県,会津若松市,117376,84370,71.8801117775354
7203,福島県,郡山市,327692,245463,74.9066196306288
7204,福島県,いわき市,332931,143992,43.2498025116315
7205,福島県,白河市,59491,20631,34.679195172379
7207,福島県,須賀川市,74992,33639,44.8567847237039
7208,福島県,喜多方市,44760,11112,24.8257372654155
7209,福島県,相馬市,34865,7568,21.7065825326258
7210,福島県,二本松市,53557,9377,17.5084489422484
7211,福島県,田村市,35169,0,0
7212,福島県,南相馬市,59005,21054,35.6817218879756
7213,福島県,伊達市,58240,10888,18.6950549450549
7214,福島県,本宮市,30236,0,0
7301,福島県,桑折町,11459,0,0
7303,福島県,国見町,8639,0,0
7308,福島県,川俣町,12170,0,0
7322,福島県,大玉村,8900,0,0
7342,福島県,鏡石町,12318,0,0
7344,福島県,天栄村,5194,0,0
7362,福島県,下郷町,5264,0,0
7364,福島県,檜枝岐村,504,0,0
7367,福島県,只見町,4044,0,0
7368,福島県,南会津町,14451,0,0
7402,福島県,北塩原村,2556,0,0
7405,福島県,西会津町,5770,0,0
7407,福島県,磐梯町,3322,0,0
7408,福島県,猪苗代町,13552,0,0
7421,福島県,会津坂下町,15068,0,0
7422,福島県,湯川村,3081,0,0
7423,福島県,柳津町,3081,0,0
7444,福島県,三島町,1452,0,0
7445,福島県,金山町,1862,0,0
7446,福島県,昭和村,1246,0,0
7447,福島県,会津美里町,19014,0,0
7461,福島県,西郷村,20808,0,0
7464,福島県,泉崎村,6213,0,0
7465,福島県,中島村,4885,0,0
7466,福島県,矢吹町,17287,0,0
7481,福島県,棚倉町,13343,0,0
7482,福島県,矢祭町,5392,0,0
7483,福島県,塙町,8302,0,0
7484,福島県,鮫川村,3049,0,0
7501,福島県,石川町,14644,0,0
7502,福島県,玉川村,6392,0,0
7503,福島県,平田村,5826,0,0
7504,福島県,浅川町,6036,0,0
7505,福島県,古殿町,4825,0,0
7521,福島県,三春町,17018,0,0
7522,福島県,小野町,9471,0,0
7541,福島県,広野町,5412,0,0
7542,福島県,楢葉町,3710,0,0
7543,福島県,富岡町,2128,0,0
7544,福島県,川内村,2044,0,0
7545,福島県,大熊町,847,0,0
7546,福島県,双葉町,0,0,NA
7547,福島県,浪江町,1923,0,0
7548,福島県,葛尾村,420,0,0
7561,福島県,新地町,7905,0,0
7564,福島県,飯舘村,1318,0,0
8000,茨城県,茨城県,2867009,1169451,40.7899312489078
8201,茨城県,水戸市,270685,174150,64.3367752184273
8202,茨城県,日立市,174508,145634,83.4540536823527
8203,茨城県,土浦市,142074,84286,59.3254219632023
8204,茨城県,古河市,139344,58854,42.2364795039614
8205,茨城県,石岡市,73061,26454,36.2081000807544
8207,茨城県,結城市,50645,22246,43.9253628196268
8208,茨城県,龍ケ崎市,76420,50195,65.6830672598796
8210,茨城県,下妻市,42521,5726,13.4662872463018
8211,茨城県,常総市,60834,11176,18.3713055199395
8212,茨城県,常陸太田市,48602,8402,17.2873544298589
8214,茨城県,高萩市,27699,7321,26.4305570598217
8215,茨城県,北茨城市,41801,0,0
8216,茨城県,笠間市,73173,5138,7.02171566014787
8217,茨城県,取手市,104524,76946,73.6156289464621
8219,茨城県,牛久市,84651,69115,81.6469976727977
8220,茨城県,つくば市,241656,92467,38.263895785745
8221,茨城県,ひたちなか市,156581,104805,66.9334082679252
8222,茨城県,鹿嶋市,66950,20551,30.6960418222554
8223,茨城県,潮来市,27604,0,0
8224,茨城県,守谷市,68421,50700,74.1000570000439
8225,茨城県,常陸大宮市,39267,0,0
8226,茨城県,那珂市,53502,8659,16.1844417031139
8227,茨城県,筑西市,100753,14061,13.9559119827697
8228,茨城県,坂東市,52265,8754,16.7492585860519
8229,茨城県,稲敷市,39039,0,0
8230,茨城県,かすみがうら市,40087,15859,39.5614538379026
8231,茨城県,桜川市,39122,0,0
8232,茨城県,神栖市,95454,25866,27.0978691306807
8233,茨城県,行方市,32185,0,0
8234,茨城県,鉾田市,45953,0,0
8235,茨城県,つくばみらい市,49872,12778,25.6215912736606
8236,茨城県,小美玉市,48870,0,0
8302,茨城県,茨城町,31401,0,0
8309,茨城県,大洗町,15715,10891,69.3032134902959
8310,茨城県,城里町,18097,0,0
8341,茨城県,東海村,37891,16516,43.5881871684569
8364,茨城県,大子町,15736,0,0
8442,茨城県,美浦村,14602,0,0
8443,茨城県,阿見町,48553,28024,57.7183696167075
8447,茨城県,河内町,8231,0,0
8521,茨城県,八千代町,21026,0,0
8542,茨城県,五霞町,8093,0,0
8546,茨城県,境町,24201,7512,31.0400396677823
8564,茨城県,利根町,15340,6365,41.4928292046936
9000,栃木県,栃木県,1933146,929109,48.0620191128865
9201,栃木県,宇都宮市,518757,403616,77.8044440846099
9202,栃木県,足利市,144746,91229,63.0269575670485
9203,栃木県,栃木市,155549,60411,38.8372795710676
9204,栃木県,佐野市,116228,53645,46.1549712633789
9205,栃木県,鹿沼市,94033,40233,42.7860431976008
9206,栃木県,日光市,77661,7045,9.07147731808759
9208,栃木県,小山市,166666,101980,61.188244752979
9209,栃木県,真岡市,78190,27154,34.7282261158716
9210,栃木県,大田原市,72087,17526,24.3122893170752
9211,栃木県,矢板市,31165,9948,31.9204235520616
9213,栃木県,那須塩原市,115210,30859,26.7850013019703
9214,栃木県,さくら市,44513,0,0
9215,栃木県,那須烏山市,24875,0,0
9216,栃木県,下野市,59507,34770,58.4301006604265
9301,栃木県,上三川町,30806,0,0
9342,栃木県,益子町,21898,0,0
9343,栃木県,茂木町,11891,0,0
9344,栃木県,市貝町,11262,0,0
9345,栃木県,芳賀町,14961,0,0
9361,栃木県,壬生町,39474,20016,50.7067943456452
9364,栃木県,野木町,24913,14819,59.4830008429334
9384,栃木県,塩谷町,10354,0,0
9386,栃木県,高根沢町,29229,15858,54.2543364466797
9407,栃木県,那須町,23956,0,0
9411,栃木県,那珂川町,15215,0,0
10000,群馬県,群馬県,1939110,809514,41.7466775995173
10201,群馬県,前橋市,332149,197520,59.4672872716763
10202,群馬県,高崎市,372973,201755,54.0937279642226
10203,群馬県,桐生市,106445,67731,63.6300436845319
10204,群馬県,伊勢崎市,211850,106774,50.4007552513571
10205,群馬県,太田市,223014,88753,39.7970530998054
10206,群馬県,沼田市,45337,17006,37.5102013807707
10207,群馬県,館林市,75309,39564,52.5355535194997
10208,群馬県,渋川市,74581,12198,16.3553720116384
10209,群馬県,藤岡市,63261,17152,27.1130712445266
10210,群馬県,富岡市,47446,9443,19.9026261434051
10211,群馬県,安中市,54907,0,0
10212,群馬県,みどり市,49648,9425,18.9836448598131
10344,群馬県,榛東村,14216,0,0
10345,群馬県,吉岡町,21792,0,0
10366,群馬県,上野村,1128,0,0
10367,群馬県,神流町,1645,0,0
10382,群馬県,下仁田町,6576,0,0
10383,群馬県,南牧村,1611,0,0
10384,群馬県,甘楽町,12491,0,0
10421,群馬県,中之条町,15386,0,0
10424,群馬県,長野原町,5095,0,0
10425,群馬県,嬬恋村,8850,0,0
10426,群馬県,草津町,6049,0,0
10428,群馬県,高山村,3511,0,0
10429,群馬県,東吾妻町,12728,0,0
10443,群馬県,片品村,3993,0,0
10444,群馬県,川場村,3480,0,0
10448,群馬県,昭和村,6953,0,0
10449,群馬県,みなかみ町,17195,0,0
10464,群馬県,玉村町,36054,5463,15.1522715926111
10521,群馬県,板倉町,14083,0,0
10522,群馬県,明和町,10882,0,0
10523,群馬県,千代田町,10861,0,0
10524,群馬県,大泉町,42089,36730,87.2674570552876
10525,群馬県,邑楽町,25522,0,0
11000,埼玉県,埼玉県,7344765,5998734,81.6736001764522
11100,埼玉県,さいたま市,1324025,1243417,93.9118974339608
11201,埼玉県,川越市,354571,287009,80.9454241886674
11202,埼玉県,熊谷市,194415,109547,56.3469896870098
11203,埼玉県,川口市,594274,583102,98.1200590973187
11206,埼玉県,行田市,78617,47256,60.1091367007136
11207,埼玉県,秩父市,59674,26257,44.0007373395449
11208,埼玉県,所沢市,342464,305336,89.1585684918707
11209,埼玉県,飯能市,80361,55074,68.5332437376339
11210,埼玉県,加須市,111623,41347,37.0416491224927
11211,埼玉県,本庄市,78569,45115,57.42086573585
11212,埼玉県,東松山市,91791,45947,50.0561057184256
11214,埼玉県,春日部市,229792,202390,88.0753028826069
11215,埼玉県,狭山市,148699,127285,85.5990961607005
11216,埼玉県,羽生市,52862,19453,36.7995913888994
11217,埼玉県,鴻巣市,116828,88704,75.9270038004588
11218,埼玉県,深谷市,141268,67067,47.4750120338647
11219,埼玉県,上尾市,226940,207725,91.533004318322
11221,埼玉県,草加市,248304,246259,99.1764127843289
11222,埼玉県,越谷市,341621,311178,91.0886625822183
11223,埼玉県,蕨市,74283,74283,100
11224,埼玉県,戸田市,140899,140878,99.9850957068538
11225,埼玉県,入間市,145651,122530,84.1257526553199
11227,埼玉県,朝霞市,141083,138466,98.1450635441549
11228,埼玉県,志木市,75346,74945,99.4677886019165
11229,埼玉県,和光市,83989,83546,99.4725499767827
11230,埼玉県,新座市,166017,156505,94.2704662775499
11231,埼玉県,桶川市,74748,62005,82.9520522288222
11232,埼玉県,久喜市,150582,98566,65.4566946912646
11233,埼玉県,北本市,65201,52522,80.5539792334473
11234,埼玉県,八潮市,93363,90626,97.0684318198858
11235,埼玉県,富士見市,111859,103613,92.6282194548494
11237,埼玉県,三郷市,142145,131467,92.487952442928
11238,埼玉県,蓮田市,61499,42386,68.9214458771687
11239,埼玉県,坂戸市,100275,67890,67.7038145100972
11240,埼玉県,幸手市,50066,25861,51.6538169616107
11241,埼玉県,鶴ヶ島市,70117,58503,83.4362565426359
11242,埼玉県,日高市,54571,24833,45.5058547580217
11243,埼玉県,吉川市,71979,59702,82.9436363383765
11245,埼玉県,ふじみ野市,113597,106463,93.7199045749448
11246,埼玉県,白岡市,52214,37754,72.3062780097292
11301,埼玉県,伊奈町,44841,37553,83.7470172386878
11324,埼玉県,三芳町,38434,29891,77.7722849560285
11326,埼玉県,毛呂山町,35366,19040,53.8370186054403
11327,埼玉県,越生町,11029,0,0
11341,埼玉県,滑川町,19732,6752,34.2185282789378
11342,埼玉県,嵐山町,17889,11605,64.8722678741126
11343,埼玉県,小川町,28524,5280,18.5107278081615
11346,埼玉県,川島町,19378,0,0
11347,埼玉県,吉見町,18192,0,0
11348,埼玉県,鳩山町,13560,6875,50.7005899705015
11349,埼玉県,ときがわ町,10540,0,0
11361,埼玉県,横瀬町,7979,0,0
11362,埼玉県,皆野町,9302,0,0
11363,埼玉県,長瀞町,6807,0,0
11365,埼玉県,小鹿野町,10928,0,0
11369,埼玉県,東秩父村,2709,0,0
11381,埼玉県,美里町,11039,0,0
11383,埼玉県,神川町,13359,0,0
11385,埼玉県,上里町,30343,5872,19.3520746135847
11408,埼玉県,寄居町,32374,0,0
11442,埼玉県,宮代町,34147,19334,56.6199080446306
11464,埼玉県,杉戸町,43845,24228,55.2582962709545
11465,埼玉県,松伏町,28266,19492,68.9591735654143
12000,千葉県,千葉県,6284480,4823612,76.754353582158
12100,千葉県,千葉市,974951,891873,91.4787512398059
12202,千葉県,銚子市,58431,27900,47.7486265852031
12203,千葉県,市川市,496676,486306,97.9121197722459
12204,千葉県,船橋市,642907,617424,96.0362851858823
12205,千葉県,館山市,45153,14169,31.3799747525081
12206,千葉県,木更津市,136166,102312,75.1376995725805
12207,千葉県,松戸市,498232,487367,97.8192890059249
12208,千葉県,野田市,152638,100881,66.0916678677656
12210,千葉県,茂原市,86782,32027,36.905118572976
12211,千葉県,成田市,132906,87148,65.5711555535491
12212,千葉県,佐倉市,168743,136266,80.7535720000237
12213,千葉県,東金市,58219,13926,23.9200261083152
12215,千葉県,旭市,63745,5145,8.07122127225665
12216,千葉県,習志野市,176197,175993,99.8842205031868
12217,千葉県,柏市,426468,390336,91.5276175469203
12218,千葉県,勝浦市,16927,0,0
12219,千葉県,市原市,269524,174608,64.7838411421617
12220,千葉県,流山市,199849,182632,91.3849956717322
12221,千葉県,八千代市,199498,183397,91.92924239842
12222,千葉県,我孫子市,130510,112835,86.4569764768983
12223,千葉県,鴨川市,32116,0,0
12224,千葉県,鎌ケ谷市,109932,100480,91.4019575737729
12225,千葉県,君津市,82206,48154,58.5772328053913
12226,千葉県,富津市,42465,5246,12.3537030495702
12227,千葉県,浦安市,171362,171362,100
12228,千葉県,四街道市,93576,70102,74.9145079935026
12229,千葉県,袖ケ浦市,63883,32431,50.7662445408012
12230,千葉県,八街市,67455,8769,12.9997776295308
12231,千葉県,印西市,102609,67246,65.5361615452836
12232,千葉県,白井市,62441,44231,70.8364696273282
12233,千葉県,富里市,49735,17754,35.6971951342113
12234,千葉県,南房総市,35831,0,0
12235,千葉県,匝瑳市,35040,0,0
12236,千葉県,香取市,72356,8922,12.3306982143844
12237,千葉県,山武市,48444,0,0
12238,千葉県,いすみ市,35544,0,0
12239,千葉県,大網白里市,48129,5142,10.6837873215733
12322,千葉県,酒々井町,20745,12553,60.5109664979513
12329,千葉県,栄町,20127,8675,43.1013067024395
12342,千葉県,神崎町,5816,0,0
12347,千葉県,多古町,13735,0,0
12349,千葉県,東庄町,13228,0,0
12403,千葉県,九十九里町,14639,0,0
12409,千葉県,芝山町,7033,0,0
12410,千葉県,横芝光町,22075,0,0
12421,千葉県,一宮町,11897,0,0
12422,千葉県,睦沢町,6760,0,0
12423,千葉県,長生村,13803,0,0
12424,千葉県,白子町,10305,0,0
12426,千葉県,長柄町,6721,0,0
12427,千葉県,長南町,7198,0,0
12441,千葉県,大多喜町,8885,0,0
12443,千葉県,御宿町,6874,0,0
12463,千葉県,鋸南町,6993,0,0
13000,東京都,東京都,14047594,13844009,98.5507482633681
13100,東京都,特別区部,9733276,9733276,100
13101,東京都,千代田区,66680,66680,100
13102,東京都,中央区,169179,169179,100
13103,東京都,港区,260486,260486,100
13104,東京都,新宿区,349385,349385,100
13105,東京都,文京区,240069,240069,100
13106,東京都,台東区,211444,211444,100
13107,東京都,墨田区,272085,272085,100
13108,東京都,江東区,524310,524310,100
13109,東京都,品川区,422488,422488,100
13110,東京都,目黒区,288088,288088,100
13111,東京都,大田区,748081,748081,100
13112,東京都,世田谷区,943664,943664,100
13113,東京都,渋谷区,243883,243883,100
13114,東京都,中野区,344880,344880,100
13115,東京都,杉並区,591108,591108,100
13116,東京都,豊島区,301599,301599,100
13117,東京都,北区,355213,355213,100
13118,東京都,荒川区,217475,217475,100
13119,東京都,板橋区,584483,584483,100
13120,東京都,練馬区,752608,752608,100
13121,東京都,足立区,695043,695043,100
13122,東京都,葛飾区,453093,453093,100
13123,東京都,江戸川区,697932,697932,100
13201,東京都,八王子市,579355,525295,90.6689335554194
13202,東京都,立川市,183581,182834,99.5930951460119
13203,東京都,武蔵野市,150149,150149,100
13204,東京都,三鷹市,195391,195391,100
13205,東京都,青梅市,133535,105591,79.0736511027072
13206,東京都,府中市,262790,262790,100
13207,東京都,昭島市,113949,107357,94.2149558135657
13208,東京都,調布市,242614,242614,100
13209,東京都,町田市,431079,409438,94.9798064855862
13210,東京都,小金井市,126074,126074,100
13211,東京都,小平市,198739,198739,100
13212,東京都,日野市,190435,188621,99.0474440097671
13213,東京都,東村山市,151815,151743,99.9525738563383
13214,東京都,国分寺市,129242,129242,100
13215,東京都,国立市,77130,75958,98.4804874886555
13218,東京都,福生市,56414,56412,99.9964547807282
13219,東京都,狛江市,84772,84772,100
13220,東京都,東大和市,83901,83156,99.1120487240915
13221,東京都,清瀬市,76208,73564,96.530547973966
13222,東京都,東久留米市,115271,115271,100
13223,東京都,武蔵村山市,70829,67104,94.7408547346426
13224,東京都,多摩市,146951,144468,98.3103211274507
13225,東京都,稲城市,93151,87331,93.7520799562002
13227,東京都,羽村市,54326,53551,98.5734270883187
13228,東京都,あきる野市,79292,63819,80.486051556273
13229,東京都,西東京市,207388,207388,100
13303,東京都,瑞穂町,31765,22061,69.4506532346923
13305,東京都,日の出町,16958,0,0
13307,東京都,檜原村,2003,0,0
13308,東京都,奥多摩町,4750,0,0
13361,東京都,大島町,7102,0,0
13362,東京都,利島村,327,0,0
13363,東京都,新島村,2441,0,0
13364,東京都,神津島村,1855,0,0
13381,東京都,三宅村,2273,0,0
13382,東京都,御蔵島村,323,0,0
13401,東京都,八丈町,7042,0,0
13402,東京都,青ヶ島村,169,0,0
13421,東京都,小笠原村,2929,0,0
14000,神奈川県,神奈川県,9237337,8743513,94.6540436924625
14100,神奈川県,横浜市,3777491,3688620,97.6473537594133
14130,神奈川県,川崎市,1538262,1527291,99.2867924969869
14150,神奈川県,相模原市,725493,665841,91.7777290752633
14201,神奈川県,横須賀市,388078,364104,93.8223759141204
14203,神奈川県,平塚市,258422,240517,93.071410328842
14204,神奈川県,鎌倉市,172710,166447,96.373690000579
14205,神奈川県,藤沢市,436905,411445,94.1726462274408
14206,神奈川県,小田原市,188856,164884,87.3067310543483
14207,神奈川県,茅ヶ崎市,242389,228616,94.3178114518398
14208,神奈川県,逗子市,57060,54618,95.720294426919
14210,神奈川県,三浦市,42069,22376,53.1888088616321
14211,神奈川県,秦野市,162439,144282,88.8222655889288
14212,神奈川県,厚木市,223705,194615,86.9962674057352
14213,神奈川県,大和市,239169,237810,99.4317825470692
14214,神奈川県,伊勢原市,101780,79937,78.5390056985655
14215,神奈川県,海老名市,136516,127325,93.2674558293533
14216,神奈川県,座間市,132325,124805,94.3170224825241
14217,神奈川県,南足柄市,40841,31957,78.247349477241
14218,神奈川県,綾瀬市,83913,73952,88.1293720877576
14301,神奈川県,葉山町,31665,23591,74.5018158850466
14321,神奈川県,寒川町,48348,42867,88.6634400595681
14341,神奈川県,大磯町,31634,27912,88.2341784156288
14342,神奈川県,二宮町,27564,24706,89.6314032796401
14361,神奈川県,中井町,9300,0,0
14362,神奈川県,大井町,17129,13006,75.9297098487945
14363,神奈川県,松田町,10836,8005,73.8741232927279
14364,神奈川県,山北町,9761,0,0
14366,神奈川県,開成町,18329,13692,74.7012930328987
14382,神奈川県,箱根町,11293,0,0
14383,神奈川県,真鶴町,6722,0,0
14384,神奈川県,湯河原町,23426,15306,65.3376590113549
14401,神奈川県,愛川町,39869,24986,62.6702450525471
14402,神奈川県,清川村,3038,0,0
15000,新潟県,新潟県,2201272,1119029,50.8355623475881
15100,新潟県,新潟市,789275,593568,75.204206391942
15202,新潟県,長岡市,266936,130872,49.0274822429346
15204,新潟県,三条市,94642,51561,54.4800405739524
15205,新潟県,柏崎市,81526,35614,43.6842234379216
15206,新潟県,新発田市,94927,49405,52.0452558281627
15208,新潟県,小千谷市,34096,10476,30.7250117315814
15209,新潟県,加茂市,25441,15832,62.2302582445659
15210,新潟県,十日町市,49820,15070,30.2488960256925
15211,新潟県,見附市,39237,24852,63.3381757015062
15212,新潟県,村上市,57418,15291,26.6310216308475
15213,新潟県,燕市,77201,30059,38.936024144765
15216,新潟県,糸魚川市,40765,12592,30.8892432233534
15217,新潟県,妙高市,30383,7912,26.0408781226344
15218,新潟県,五泉市,47625,20956,44.0020997375328
15222,新潟県,上越市,188047,87881,46.7335293836116
15223,新潟県,阿賀野市,40696,11239,27.6169648122666
15224,新潟県,佐渡市,51492,0,0
15225,新潟県,魚沼市,34483,0,0
15226,新潟県,南魚沼市,54851,5849,10.663433665749
15227,新潟県,胎内市,28509,0,0
15307,新潟県,聖籠町,14259,0,0
15342,新潟県,弥彦村,7705,0,0
15361,新潟県,田上町,11227,0,0
15385,新潟県,阿賀町,9965,0,0
15405,新潟県,出雲崎町,4113,0,0
15461,新潟県,湯沢町,7767,0,0
15482,新潟県,津南町,8989,0,0
15504,新潟県,刈羽村,4380,0,0
15581,新潟県,関川村,5144,0,0
15586,新潟県,粟島浦村,353,0,0
16000,富山県,富山県,1034814,414349,40.0409155655026
16201,富山県,富山市,413938,246850,59.6345346404534
16202,富山県,高岡市,166393,83714,50.3110106795358
16204,富山県,魚津市,40535,12074,29.7866041692365
16205,富山県,氷見市,43950,9803,22.3048919226394
16206,富山県,滑川市,32349,6736,20.8229002442116
16207,富山県,黒部市,39638,0,0
16208,富山県,砺波市,48154,5707,11.8515595796819
16209,富山県,小矢部市,28983,5319,18.3521374598903
16210,富山県,南砺市,47937,0,0
16211,富山県,射水市,90742,44146,48.6500187344339
16321,富山県,舟橋村,3132,0,0
16322,富山県,上市町,19351,0,0
16323,富山県,立山町,24792,0,0
16342,富山県,入善町,23839,0,0
16343,富山県,朝日町,11081,0,0
17000,石川県,石川県,1132526,610464,53.9028684551172
17201,石川県,金沢市,463254,399221,86.1775613378406
17202,石川県,七尾市,50300,10006,19.8926441351889
17203,石川県,小松市,106216,34682,32.6523310988928
17204,石川県,輪島市,24608,7859,31.9367685305592
17205,石川県,珠洲市,12929,0,0
17206,石川県,加賀市,63220,12777,20.2103764631446
17207,石川県,羽咋市,20407,5663,27.7502817660607
17209,石川県,かほく市,34889,0,0
17210,石川県,白山市,110408,37796,34.2330265922759
17211,石川県,能美市,48523,8733,17.9976505986852
17212,石川県,野々市市,57238,50410,88.0708620147454
17324,石川県,川北町,6135,0,0
17361,石川県,津幡町,36957,21895,59.2445274237628
17365,石川県,内灘町,26574,21422,80.6126288853767
17384,石川県,志賀町,18630,0,0
17386,石川県,宝達志水町,12121,0,0
17407,石川県,中能登町,16540,0,0
17461,石川県,穴水町,7890,0,0
17463,石川県,能登町,15687,0,0
18000,福井県,福井県,766863,355428,46.3483047167486
18201,福井県,福井市,262328,184843,70.4625506998872
18202,福井県,敦賀市,64264,44610,69.4167807792855
18204,福井県,小浜市,28991,9850,33.9760615363389
18205,福井県,大野市,31286,12792,40.8872978328965
18206,福井県,勝山市,22150,9027,40.7539503386005
18207,福井県,鯖江市,68302,27791,40.6884132236245
18208,福井県,あわら市,27524,5121,18.6055805842174
18209,福井県,越前市,80611,27985,34.7161057423925
18210,福井県,坂井市,88481,27691,31.2959844486387
18322,福井県,永平寺町,18965,5718,30.1502768257316
18382,福井県,池田町,2423,0,0
18404,福井県,南越前町,10002,0,0
18423,福井県,越前町,20118,0,0
18442,福井県,美浜町,9179,0,0
18481,福井県,高浜町,10326,0,0
18483,福井県,おおい町,7910,0,0
18501,福井県,若狭町,14003,0,0
19000,山梨県,山梨県,809974,254878,31.4674298187349
19201,山梨県,甲府市,189591,149277,78.7363324208428
19202,山梨県,富士吉田市,46530,23613,50.7479045776918
19204,山梨県,都留市,31016,8067,26.0091565643539
19205,山梨県,山梨市,33435,5445,16.28532974428
19206,山梨県,大月市,22512,0,0
19207,山梨県,韮崎市,29067,0,0
19208,山梨県,南アルプス市,69459,0,0
19209,山梨県,北杜市,44053,0,0
19210,山梨県,甲斐市,75313,52842,70.1631856386016
19211,山梨県,笛吹市,66947,0,0
19212,山梨県,上野原市,22669,6979,30.7865366800476
19213,山梨県,甲州市,29237,0,0
19214,山梨県,中央市,31216,8655,27.7261660686827
19346,山梨県,市川三郷町,14700,0,0
19364,山梨県,早川町,1098,0,0
19365,山梨県,身延町,10663,0,0
19366,山梨県,南部町,7156,0,0
19368,山梨県,富士川町,14219,0,0
19384,山梨県,昭和町,20909,0,0
19422,山梨県,道志村,1607,0,0
19423,山梨県,西桂町,4041,0,0
19424,山梨県,忍野村,9237,0,0
19425,山梨県,山中湖村,5179,0,0
19429,山梨県,鳴沢村,2824,0,0
19430,山梨県,富士河口湖町,26082,0,0
19442,山梨県,小菅村,684,0,0
19443,山梨県,丹波山村,530,0,0
20000,長野県,長野県,2048011,719893,35.1508365921863
20201,長野県,長野市,372760,272005,72.9705440497908
20202,長野県,松本市,241145,149054,61.8109436231313
20203,長野県,上田市,154055,46284,30.043815520431
20204,長野県,岡谷市,47790,40225,84.170328520611
20205,長野県,飯田市,98164,30370,30.9380220854896
20206,長野県,諏訪市,48729,14381,29.5122001272343
20207,長野県,須坂市,49559,25732,51.9219516132287
20208,長野県,小諸市,40991,0,0
20209,長野県,伊那市,66125,9859,14.909640831758
20210,長野県,駒ヶ根市,32202,6415,19.9211229116204
20211,長野県,中野市,42338,11829,27.9394397467996
20212,長野県,大町市,26029,0,0
20213,長野県,飯山市,19539,0,0
20214,長野県,茅野市,56400,11835,20.9840425531915
20215,長野県,塩尻市,67241,38976,57.9646346722982
20217,長野県,佐久市,98199,19098,19.4482632206031
20218,長野県,千曲市,58852,20091,34.1381771222728
20219,長野県,東御市,30122,0,0
20220,長野県,安曇野市,94222,8490,9.01063445904354
20303,長野県,小海町,4353,0,0
20304,長野県,川上村,4344,0,0
20305,長野県,南牧村,3242,0,0
20306,長野県,南相木村,962,0,0
20307,長野県,北相木村,752,0,0
20309,長野県,佐久穂町,10218,0,0
20321,長野県,軽井沢町,19188,0,0
20323,長野県,御代田町,15555,0,0
20324,長野県,立科町,6612,0,0
20349,長野県,青木村,4121,0,0
20350,長野県,長和町,5600,0,0
20361,長野県,下諏訪町,19155,15249,79.6084573218481
20362,長野県,富士見町,14084,0,0
20363,長野県,原村,7680,0,0
20382,長野県,辰野町,18555,0,0
20383,長野県,箕輪町,24989,0,0
20384,長野県,飯島町,9004,0,0
20385,長野県,南箕輪村,15797,0,0
20386,長野県,中川村,4651,0,0
20388,長野県,宮田村,8569,0,0
20402,長野県,松川町,12530,0,0
20403,長野県,高森町,12811,0,0
20404,長野県,阿南町,4299,0,0
20407,長野県,阿智村,6068,0,0
20409,長野県,平谷村,387,0,0
20410,長野県,根羽村,852,0,0
20411,長野県,下條村,3545,0,0
20412,長野県,売木村,548,0,0
20413,長野県,天龍村,1178,0,0
20414,長野県,泰阜村,1542,0,0
20415,長野県,喬木村,5973,0,0
20416,長野県,豊丘村,6426,0,0
20417,長野県,大鹿村,1023,0,0
20422,長野県,上松町,4131,0,0
20423,長野県,南木曽町,3915,0,0
20425,長野県,木祖村,2692,0,0
20429,長野県,王滝村,715,0,0
20430,長野県,大桑村,3439,0,0
20432,長野県,木曽町,10584,0,0
20446,長野県,麻績村,2593,0,0
20448,長野県,生坂村,1639,0,0
20450,長野県,山形村,8400,0,0
20451,長野県,朝日村,4279,0,0
20452,長野県,筑北村,4149,0,0
20481,長野県,池田町,9382,0,0
20482,長野県,松川村,9599,0,0
20485,長野県,白馬村,8575,0,0
20486,長野県,小谷村,2647,0,0
20521,長野県,坂城町,14004,0,0
20541,長野県,小布施町,10660,0,0
20543,長野県,高山村,6617,0,0
20561,長野県,山ノ内町,11352,0,0
20562,長野県,木島平村,4375,0,0
20563,長野県,野沢温泉村,3279,0,0
20583,長野県,信濃町,7739,0,0
20588,長野県,小川村,2215,0,0
20590,長野県,飯綱町,10296,0,0
20602,長野県,栄村,1660,0,0
21000,岐阜県,岐阜県,1978742,806499,40.7581685737706
21201,岐阜県,岐阜市,402557,304103,75.5428423800853
21202,岐阜県,大垣市,158286,95817,60.5340965088511
21203,岐阜県,高山市,84419,34502,40.8699463390943
21204,岐阜県,多治見市,106732,53785,50.3925720496196
21205,岐阜県,関市,85283,25199,29.547506537059
21206,岐阜県,中津川市,76570,7046,9.20203735144312
21207,岐阜県,美濃市,19247,0,0
21208,岐阜県,瑞浪市,37150,13116,35.3055181695828
21209,岐阜県,羽島市,65649,24774,37.7370561623178
21210,岐阜県,恵那市,47774,5656,11.8390756478419
21211,岐阜県,美濃加茂市,56689,11211,19.7763234489936
21212,岐阜県,土岐市,55348,23040,41.6275204162752
21213,岐阜県,各務原市,144521,87517,60.5565973111174
21214,岐阜県,可児市,99968,33761,33.771806978233
21215,岐阜県,山県市,25280,0,0
21216,岐阜県,瑞穂市,56388,21483,38.0985316024686
21217,岐阜県,飛騨市,22538,5015,22.2513089005236
21218,岐阜県,本巣市,32928,0,0
21219,岐阜県,郡上市,38997,0,0
21220,岐阜県,下呂市,30428,0,0
21221,岐阜県,海津市,32735,0,0
21302,岐阜県,岐南町,25881,14934,57.7025617248174
21303,岐阜県,笠松町,22208,13073,58.866174351585
21341,岐阜県,養老町,26882,0,0
21361,岐阜県,垂井町,26402,13027,49.3409590182562
21362,岐阜県,関ケ原町,6610,0,0
21381,岐阜県,神戸町,18585,6346,34.1458165186979
21382,岐阜県,輪之内町,9654,0,0
21383,岐阜県,安八町,14355,0,0
21401,岐阜県,揖斐川町,19529,0,0
21403,岐阜県,大野町,22041,0,0
21404,岐阜県,池田町,23360,0,0
21421,岐阜県,北方町,18139,13094,72.1870003859088
21501,岐阜県,坂祝町,8071,0,0
21502,岐阜県,富加町,5626,0,0
21503,岐阜県,川辺町,9860,0,0
21504,岐阜県,七宗町,3402,0,0
21505,岐阜県,八百津町,10195,0,0
21506,岐阜県,白川町,7412,0,0
21507,岐阜県,東白川村,2016,0,0
21521,岐阜県,御嵩町,17516,0,0
21604,岐阜県,白川村,1511,0,0
22000,静岡県,静岡県,3633202,2237324,61.5799506881258
22100,静岡県,静岡市,693389,618980,89.2687942843051
22130,静岡県,浜松市,790718,479900,60.6916751610562
22203,静岡県,沼津市,189386,162233,85.6626149768198
22205,静岡県,熱海市,34208,12289,35.9243451824135
22206,静岡県,三島市,107783,83728,77.6820092222336
22207,静岡県,富士宮市,128105,75330,58.8033253971352
22208,静岡県,伊東市,65491,25831,39.4420607411705
22209,静岡県,島田市,95719,52851,55.2147431544417
22210,静岡県,富士市,245392,200725,81.7976951163852
22211,静岡県,磐田市,166672,74115,44.4675770375348
22212,静岡県,焼津市,136845,79375,58.0035806934853
22213,静岡県,掛川市,114954,32071,27.898985681229
22214,静岡県,藤枝市,141342,86656,61.3094480055468
22215,静岡県,御殿場市,86614,39305,45.3794998499088
22216,静岡県,袋井市,87864,18966,21.5856323408905
22219,静岡県,下田市,20183,0,0
22220,静岡県,裾野市,50911,20017,39.3176327316297
22221,静岡県,湖西市,57885,31583,54.5616308197288
22222,静岡県,伊豆市,28190,0,0
22223,静岡県,御前崎市,31103,0,0
22224,静岡県,菊川市,47789,11272,23.5870179329971
22225,静岡県,伊豆の国市,46804,24875,53.1471669088112
22226,静岡県,牧之原市,43502,9118,20.959955864098202
22301,静岡県,東伊豆町,11488,0,0
22302,静岡県,河津町,6870,0,0
22304,静岡県,南伊豆町,7877,0,0
22305,静岡県,松崎町,6038,0,0
22306,静岡県,西伊豆町,7090,0,0
22325,静岡県,函南町,36794,22887,62.2030765885742
22341,静岡県,清水町,31710,28665,90.3973509933775
22342,静岡県,長泉町,43336,39022,90.0452279859701
22344,静岡県,小山町,18568,0,0
22424,静岡県,吉田町,28919,7530,26.0382447525848
22429,静岡県,川根本町,6206,0,0
22461,静岡県,森町,17457,0,0
23000,愛知県,愛知県,7542415,5942244,78.7843681367308
23100,愛知県,名古屋市,2332176,2303019,98.7497941836294
23201,愛知県,豊橋市,371920,276142,74.2476876747688
23202,愛知県,岡崎市,384654,299580,77.8829805487529
23203,愛知県,一宮市,380073,276660,72.7912795699774
23204,愛知県,瀬戸市,127792,94830,74.2065231000376
23205,愛知県,半田市,117884,104191,88.3843439313223
23206,愛知県,春日井市,308681,267960,86.8080639883893
23207,愛知県,豊川市,184661,123059,66.6404925782921
23208,愛知県,津島市,60942,29812,48.9186439565489
23209,愛知県,碧南市,72458,65484,90.3751138590632
23210,愛知県,刈谷市,153834,125248,81.4176319929274
23211,愛知県,豊田市,422330,246109,58.2740984538157
23212,愛知県,安城市,187990,129121,68.6850364381084
23213,愛知県,西尾市,169046,85818,50.766063674976
23214,愛知県,蒲郡市,79538,54735,68.8161633433076
23215,愛知県,犬山市,73090,35638,48.7590641674648
23216,愛知県,常滑市,58710,40983,69.8058252427184
23217,愛知県,江南市,98255,57758,58.7837769070276
23219,愛知県,小牧市,148831,117528,78.967419422029
23220,愛知県,稲沢市,134751,55108,40.8961714569836
23221,愛知県,新城市,44355,8746,19.7181828429715
23222,愛知県,東海市,113787,103436,90.903178746254
23223,愛知県,大府市,93123,70900,76.1358633205545
23224,愛知県,知多市,84364,56442,66.9029443838604
23225,愛知県,知立市,72193,57028,78.9938082639591
23226,愛知県,尾張旭市,83144,79410,95.5089964399115
23227,愛知県,高浜市,46106,43672,94.7208606255151
23228,愛知県,岩倉市,47983,42229,88.0082529229102
23229,愛知県,豊明市,69295,58111,83.860307381485
23230,愛知県,日進市,91520,55888,61.0664335664336
23231,愛知県,田原市,59360,11495,19.3648921832884
23232,愛知県,愛西市,60829,13064,21.4765983330319
23233,愛知県,清須市,67352,58154,86.3433899513006
23234,愛知県,北名古屋市,86385,76046,88.0314869479655
23235,愛知県,弥富市,43025,23740,55.177222545032
23236,愛知県,みよし市,61952,38299,61.8204416322314
23237,愛知県,あま市,86126,71101,82.5546292641014
23238,愛知県,長久手市,60162,47492,78.9401948073535
23302,愛知県,東郷町,43903,28487,64.8862264537731
23342,愛知県,豊山町,15613,14772,94.6134631396913
23361,愛知県,大口町,24305,13452,55.3466364945485
23362,愛知県,扶桑町,34133,25932,75.9733981777166
23424,愛知県,大治町,32399,31574,97.4536251118862
23425,愛知県,蟹江町,37338,29080,77.8831217526381
23427,愛知県,飛島村,4575,0,0
23441,愛知県,阿久比町,28383,6876,24.2257689462002
23442,愛知県,東浦町,49596,34472,69.5056052907492
23445,愛知県,南知多町,16617,0,0
23446,愛知県,美浜町,22496,0,0
23447,愛知県,武豊町,43535,31238,71.7537613414494
23501,愛知県,幸田町,42449,22325,52.5925227920564
23561,愛知県,設楽町,4437,0,0
23562,愛知県,東栄町,2942,0,0
23563,愛知県,豊根村,1017,0,0
24000,三重県,三重県,1770254,774064,43.7261545518327
24201,三重県,津市,274537,137562,50.1069072656873
24202,三重県,四日市市,305424,205948,67.4301954004924
24203,三重県,伊勢市,122765,54923,44.7383211827475
24204,三重県,松阪市,159145,74258,46.6605925413931
24205,三重県,桑名市,138613,74955,54.0750146090194
24207,三重県,鈴鹿市,195670,111739,57.1058414677774
24208,三重県,名張市,76387,42957,56.2360087449435
24209,三重県,尾鷲市,16252,8540,52.5473787841496
24210,三重県,亀山市,49835,6256,12.5534263068125
24211,三重県,鳥羽市,17525,0,0
24212,三重県,熊野市,15965,0,0
24214,三重県,いなべ市,44973,0,0
24215,三重県,志摩市,46057,0,0
24216,三重県,伊賀市,88766,21409,24.1184687830926
24303,三重県,木曽岬町,6023,0,0
24324,三重県,東員町,25784,11887,46.1022339435309
24341,三重県,菰野町,40559,14437,35.5950590497793
24343,三重県,朝日町,11021,0,0
24344,三重県,川越町,15123,9193,60.7882033987965
24441,三重県,多気町,14021,0,0
24442,三重県,明和町,22445,0,0
24443,三重県,大台町,8668,0,0
24461,三重県,玉城町,15041,0,0
24470,三重県,度会町,7847,0,0
24471,三重県,大紀町,7815,0,0
24472,三重県,南伊勢町,10989,0,0
24543,三重県,紀北町,14604,0,0
24561,三重県,御浜町,8079,0,0
24562,三重県,紀宝町,10321,0,0
25000,滋賀県,滋賀県,1413610,754141,53.3485897807741
25201,滋賀県,大津市,345070,280334,81.2397484568349
25202,滋賀県,彦根市,113647,67923,59.7666458419492
25203,滋賀県,長浜市,113636,34968,30.7719384702031
25204,滋賀県,近江八幡市,81122,36622,45.1443504844555
25206,滋賀県,草津市,143913,115741,80.4242841160979
25207,滋賀県,守山市,83236,61282,73.6243932913643
25208,滋賀県,栗東市,68820,48038,69.8023830281895
25209,滋賀県,甲賀市,88358,18388,20.8107924579551
25210,滋賀県,野洲市,50513,24842,49.1794191594243
25211,滋賀県,湖南市,54460,29212,53.6393683437385
25212,滋賀県,高島市,46377,0,0
25213,滋賀県,東近江市,112819,36791,32.6106418245154
25214,滋賀県,米原市,37225,0,0
25383,滋賀県,日野町,20964,0,0
25384,滋賀県,竜王町,11789,0,0
25425,滋賀県,愛荘町,20893,0,0
25441,滋賀県,豊郷町,7132,0,0
25442,滋賀県,甲良町,6362,0,0
25443,滋賀県,多賀町,7274,0,0
26000,京都府,京都府,2578087,2176168,84.4101847610263
26100,京都府,京都市,1463723,1397972,95.5079615473693
26201,京都府,福知山市,77306,39021,50.4760303210618
26202,京都府,舞鶴市,80336,54252,67.531368253336
26203,京都府,綾部市,31846,12169,38.2120203479244
26204,京都府,宇治市,179630,175891,97.9184991371152
26205,京都府,宮津市,16758,5198,31.0180212435852
26206,京都府,亀岡市,86174,58828,68.2665305080419
26207,京都府,城陽市,74607,67603,90.6121409519214
26208,京都府,向日市,56859,56655,99.641217749169
26209,京都府,長岡京市,80608,79760,98.9479952362049
26210,京都府,八幡市,70433,62182,88.2853208013289
26211,京都府,京田辺市,73753,61736,83.7064255013355
26212,京都府,京丹後市,50860,0,0
26213,京都府,南丹市,31629,8043,25.4291947263587
26214,京都府,木津川市,77907,47046,60.3873849589896
26303,京都府,大山崎町,15953,15057,94.3835015357613
26322,京都府,久御山町,15250,11749,77.0426229508197
26343,京都府,井手町,7406,0,0
26344,京都府,宇治田原町,8911,0,0
26364,京都府,笠置町,1144,0,0
26365,京都府,和束町,3478,0,0
26366,京都府,精華町,36198,23006,63.5559975689265
26367,京都府,南山城村,2391,0,0
26407,京都府,京丹波町,12907,0,0
26463,京都府,伊根町,1928,0,0
26465,京都府,与謝野町,20092,0,0
27000,大阪府,大阪府,8837685,8478518,95.935960605068
27100,大阪府,大阪市,2752412,2752002,99.9851039742597
27140,大阪府,堺市,826161,788173,95.4018647696999
27202,大阪府,岸和田市,190658,174616,91.5859811809628
27203,大阪府,豊中市,401558,401558,100
27204,大阪府,池田市,104993,96121,91.549912851333
27205,大阪府,吹田市,385567,385567,100
27206,大阪府,泉大津市,74412,74412,100
27207,大阪府,高槻市,352698,335860,95.2259440087554
27208,大阪府,貝塚市,84443,72324,85.6483071420959
27209,大阪府,守口市,143096,143096,100
27210,大阪府,枚方市,397289,386789,97.3570876616267
27211,大阪府,茨木市,287730,277984,96.6127967191464
27212,大阪府,八尾市,264642,259657,98.1163231837728
27213,大阪府,泉佐野市,100131,82788,82.6796896066153
27214,大阪府,富田林市,108699,84296,77.549931462111
27215,大阪府,寝屋川市,229733,227418,98.9923084624325
27216,大阪府,河内長野市,101692,67427,66.3051174133659
27217,大阪府,松原市,117641,116796,99.2817130082199
27218,大阪府,大東市,119367,117979,98.8371995610177
27219,大阪府,和泉市,184495,155837,84.4667877178243
27220,大阪府,箕面市,136868,126819,92.6578893532455
27221,大阪府,柏原市,68775,62639,91.0781533987641
27222,大阪府,羽曳野市,108736,98257,90.362897292525
27223,大阪府,門真市,119764,119764,100
27224,大阪府,摂津市,87456,87265,99.781604463959
27225,大阪府,高石市,55635,55635,100
27226,大阪府,藤井寺市,63688,63688,100
27227,大阪府,東大阪市,493940,492760,99.7611045876017
27228,大阪府,泉南市,60102,47818,79.5614122658148
27229,大阪府,四條畷市,55177,52416,94.9961034489008
27230,大阪府,交野市,75033,71172,94.8542641237855
27231,大阪府,大阪狭山市,58435,49712,85.0723025583982
27232,大阪府,阪南市,51254,34121,66.5723650837008
27301,大阪府,島本町,30927,30122,97.3970963882692
27321,大阪府,豊能町,18279,10149,55.5227310027901
27322,大阪府,能勢町,9079,0,0
27341,大阪府,忠岡町,16567,16567,100
27361,大阪府,熊取町,43763,35960,82.1698695244842
27362,大阪府,田尻町,8434,7023,83.2700972255158
27366,大阪府,岬町,14741,0,0
27381,大阪府,太子町,13009,9482,72.8880006149589
27382,大阪府,河南町,15697,6449,41.0842836210741
27383,大阪府,千早赤阪村,4909,0,0
28000,兵庫県,兵庫県,5465002,4306048,78.7931642111018
28100,兵庫県,神戸市,1525152,1432655,93.9352274396257
28201,兵庫県,姫路市,530495,392599,74.0061640543266
28202,兵庫県,尼崎市,459593,459593,100
28203,兵庫県,明石市,303601,289204,95.2579207578368
28204,兵庫県,西宮市,485587,454756,93.6507773066413
28205,兵庫県,洲本市,41236,9846,23.8771946842565
28206,兵庫県,芦屋市,93922,91486,97.4063584676647
28207,兵庫県,伊丹市,198138,197972,99.9162200082771
28208,兵庫県,相生市,28355,15591,54.9850114618233
28209,兵庫県,豊岡市,77489,16948,21.8714914374944
28210,兵庫県,加古川市,260878,203937,78.1733223959092
28212,兵庫県,赤穂市,45892,29076,63.3574479212063
28213,兵庫県,西脇市,38673,14886,38.4919711426577
28214,兵庫県,宝塚市,226432,214586,94.7684072922555
28215,兵庫県,三木市,75294,50357,66.8804951257736
28216,兵庫県,高砂市,87722,78330,89.2934497617473
28217,兵庫県,川西市,152321,146514,96.1876563310377
28218,兵庫県,小野市,47562,17014,35.7722551616837
28219,兵庫県,三田市,109238,81941,75.0114429044838
28220,兵庫県,加西市,42700,9100,21.3114754098361
28221,兵庫県,丹波篠山市,39611,0,0
28222,兵庫県,養父市,22129,0,0
28223,兵庫県,丹波市,61471,0,0
28224,兵庫県,南あわじ市,44137,0,0
28225,兵庫県,朝来市,28989,0,0
28226,兵庫県,淡路市,41967,0,0
28227,兵庫県,宍粟市,34819,0,0
28228,兵庫県,加東市,40645,5855,14.4052158937139
28229,兵庫県,たつの市,74316,13709,18.446902416707
28301,兵庫県,猪名川町,29680,21075,71.0074123989218
28365,兵庫県,多可町,19261,0,0
28381,兵庫県,稲美町,30268,8490,28.0494251354566
28382,兵庫県,播磨町,33604,33172,98.7144387572908
28442,兵庫県,市川町,11231,0,0
28443,兵庫県,福崎町,19377,0,0
28446,兵庫県,神河町,10616,0,0
28464,兵庫県,太子町,33477,17356,51.8445499895451
28481,兵庫県,上郡町,13879,0,0
28501,兵庫県,佐用町,15863,0,0
28585,兵庫県,香美町,16064,0,0
28586,兵庫県,新温泉町,13318,0,0
29000,奈良県,奈良県,1324473,887863,67.0351906003369
29201,奈良県,奈良市,354630,308712,87.0518568649014
29202,奈良県,大和高田市,61744,45872,74.293858512568
29203,奈良県,大和郡山市,83285,63759,76.55520201717
29204,奈良県,天理市,63889,26505,41.4860148069308
29205,奈良県,橿原市,120922,94037,77.7666594995121
29206,奈良県,桜井市,54857,24857,45.3123575842645
29207,奈良県,五條市,27927,5791,20.7362051061697
29208,奈良県,御所市,24096,8049,33.4038844621514
29209,奈良県,生駒市,116675,99233,85.0507820869938
29210,奈良県,香芝市,78113,61714,79.0060553300987
29211,奈良県,葛城市,36832,16482,44.7491311902693
29212,奈良県,宇陀市,28121,0,0
29322,奈良県,山添村,3226,0,0
29342,奈良県,平群町,18009,0,0
29343,奈良県,三郷町,23219,22267,95.8999095568285
29344,奈良県,斑鳩町,27587,24066,87.2367419436691
29345,奈良県,安堵町,7225,0,0
29361,奈良県,川西町,8167,0,0
29362,奈良県,三宅町,6439,0,0
29363,奈良県,田原本町,31177,18796,60.2880328447253
29385,奈良県,曽爾村,1295,0,0
29386,奈良県,御杖村,1479,0,0
29401,奈良県,高取町,6729,0,0
29402,奈良県,明日香村,5179,0,0
29424,奈良県,上牧町,21714,15269,70.3186884037948
29425,奈良県,王寺町,24043,20935,87.0731605872811
29426,奈良県,広陵町,33810,21487,63.5522034900917
29427,奈良県,河合町,17018,10032,58.9493477494418
29441,奈良県,吉野町,6229,0,0
29442,奈良県,大淀町,16728,0,0
29443,奈良県,下市町,5037,0,0
29444,奈良県,黒滝村,623,0,0
29446,奈良県,天川村,1176,0,0
29447,奈良県,野迫川村,357,0,0
29449,奈良県,十津川村,3061,0,0
29450,奈良県,下北山村,753,0,0
29451,奈良県,上北山村,444,0,0
29452,奈良県,川上村,1156,0,0
29453,奈良県,東吉野村,1502,0,0
30000,和歌山県,和歌山県,922584,348232,37.7452893178291
30201,和歌山県,和歌山市,356729,274582,76.9721553336006
30202,和歌山県,海南市,48369,14155,29.2646116314168
30203,和歌山県,橋本市,60818,0,0
30204,和歌山県,有田市,26538,5833,21.9798025472907
30205,和歌山県,御坊市,23481,5163,21.9879902900217
30206,和歌山県,田辺市,69870,28986,41.4856161442679
30207,和歌山県,新宮市,27171,14386,52.9461558279048
30208,和歌山県,紀の川市,58816,0,0
30209,和歌山県,岩出市,53967,0,0
30304,和歌山県,紀美野町,8256,0,0
30341,和歌山県,かつらぎ町,15967,0,0
30343,和歌山県,九度山町,3856,0,0
30344,和歌山県,高野町,2970,0,0
30361,和歌山県,湯浅町,11122,5127,46.0978241323503
30362,和歌山県,広川町,6781,0,0
30366,和歌山県,有田川町,25258,0,0
30381,和歌山県,美浜町,6867,0,0
30382,和歌山県,日高町,7673,0,0
30383,和歌山県,由良町,5364,0,0
30390,和歌山県,印南町,7720,0,0
30391,和歌山県,みなべ町,11818,0,0
30392,和歌山県,日高川町,9219,0,0
30401,和歌山県,白浜町,20262,0,0
30404,和歌山県,上富田町,15236,0,0
30406,和歌山県,すさみ町,3685,0,0
30421,和歌山県,那智勝浦町,14137,0,0
30422,和歌山県,太地町,2791,0,0
30424,和歌山県,古座川町,2480,0,0
30427,和歌山県,北山村,404,0,0
30428,和歌山県,串本町,14959,0,0
31000,鳥取県,鳥取県,553407,210681,38.0698111877877
31201,鳥取県,鳥取市,188465,103827,55.0908656779773
31202,鳥取県,米子市,147317,76322,51.8080058649036
31203,鳥取県,倉吉市,46485,14727,31.6811874798322
31204,鳥取県,境港市,32740,15805,48.274282223579696
31302,鳥取県,岩美町,10799,0,0
31325,鳥取県,若桜町,2864,0,0
31328,鳥取県,智頭町,6427,0,0
31329,鳥取県,八頭町,15937,0,0
31364,鳥取県,三朝町,6060,0,0
31370,鳥取県,湯梨浜町,16055,0,0
31371,鳥取県,琴浦町,16365,0,0
31372,鳥取県,北栄町,14228,0,0
31384,鳥取県,日吉津村,3501,0,0
31386,鳥取県,大山町,15370,0,0
31389,鳥取県,南部町,10323,0,0
31390,鳥取県,伯耆町,10696,0,0
31401,鳥取県,日南町,4196,0,0
31402,鳥取県,日野町,2907,0,0
31403,鳥取県,江府町,2672,0,0
32000,島根県,島根県,671126,171792,25.5975778020819
32201,島根県,松江市,203616,106434,52.2719236209335
32202,島根県,浜田市,54592,9474,17.3541910902696
32203,島根県,出雲市,172775,38443,22.2503255679352
32204,島根県,益田市,45003,10385,23.0762393618203
32205,島根県,大田市,32846,0,0
32206,島根県,安来市,37062,7056,19.0383681398737
32207,島根県,江津市,22959,0,0
32209,島根県,雲南市,36007,0,0
32343,島根県,奥出雲町,11849,0,0
32386,島根県,飯南町,4577,0,0
32441,島根県,川本町,3248,0,0
32448,島根県,美郷町,4355,0,0
32449,島根県,邑南町,10163,0,0
32501,島根県,津和野町,6875,0,0
32505,島根県,吉賀町,6077,0,0
32525,島根県,海士町,2267,0,0
32526,島根県,西ノ島町,2788,0,0
32527,島根県,知夫村,634,0,0
32528,島根県,隠岐の島町,13433,0,0
33000,岡山県,岡山県,1888432,917819,48.6021736551806
33100,岡山県,岡山市,724691,505374,69.7364807897435
33202,岡山県,倉敷市,474592,305435,64.35738486953
33203,岡山県,津山市,99937,25202,25.2178872689795
33204,岡山県,玉野市,56531,15918,28.1580018043198
33205,岡山県,笠岡市,46088,9296,20.1701093560146
33207,岡山県,井原市,38384,5846,15.2303042934556
33208,岡山県,総社市,69030,26147,37.8777343184123
33209,岡山県,高梁市,29072,5703,19.6168134287287
33210,岡山県,新見市,28079,0,0
33211,岡山県,備前市,32320,0,0
33212,岡山県,瀬戸内市,36048,0,0
33213,岡山県,赤磐市,42661,13868,32.507442394693
33214,岡山県,真庭市,42725,0,0
33215,岡山県,美作市,25939,0,0
33216,岡山県,浅口市,32772,0,0
33346,岡山県,和気町,13623,0,0
33423,岡山県,早島町,12368,5030,40.6694695989651
33445,岡山県,里庄町,10950,0,0
33461,岡山県,矢掛町,13414,0,0
33586,岡山県,新庄村,813,0,0
33606,岡山県,鏡野町,12062,0,0
33622,岡山県,勝央町,10888,0,0
33623,岡山県,奈義町,5578,0,0
33643,岡山県,西粟倉村,1398,0,0
33663,岡山県,久米南町,4530,0,0
33666,岡山県,美咲町,13053,0,0
33681,岡山県,吉備中央町,10886,0,0
34000,広島県,広島県,2799702,1831138,65.4047466480361
34100,広島県,広島市,1200754,1039093,86.5367094342388
34202,広島県,呉市,214592,142702,66.4992171189979
34203,広島県,竹原市,23993,6084,25.3573959071396
34204,広島県,三原市,90573,44685,49.335894803087
34205,広島県,尾道市,131170,48121,36.6859800259206
34207,広島県,福山市,460930,264631,57.4124053543922
34208,広島県,府中市,37655,18628,49.4701898818218
34209,広島県,三次市,50681,8793,17.3496971251554
34210,広島県,庄原市,33633,0,0
34211,広島県,大竹市,26319,21871,83.0996618412554
34212,広島県,東広島市,196608,67464,34.31396484375
34213,広島県,廿日市市,114173,81178,71.1008732362292
34214,広島県,安芸高田市,26448,0,0
34215,広島県,江田島市,21930,0,0
34302,広島県,府中町,51155,50893,99.4878311015541
34304,広島県,海田町,29636,27732,93.575381293022
34307,広島県,熊野町,22834,0,0
34309,広島県,坂町,12582,9263,73.6210459386425
34368,広島県,安芸太田町,5740,0,0
34369,広島県,北広島町,17763,0,0
34431,広島県,大崎上島町,7158,0,0
34462,広島県,世羅町,15125,0,0
34545,広島県,神石高原町,8250,0,0
35000,山口県,山口県,1342059,683695,50.9437364527193
35201,山口県,下関市,255051,167629,65.7237180014977
35202,山口県,宇部市,162570,88924,54.698898935843
35203,山口県,山口市,193966,98987,51.0331707618861
35204,山口県,萩市,44626,17514,39.2461793573253
35206,山口県,防府市,113979,74241,65.1356828889532
35207,山口県,下松市,55887,37015,66.2318607189507
35208,山口県,岩国市,129125,62196,48.167279767667
35210,山口県,光市,49798,25061,50.3253142696494
35211,山口県,長門市,32519,0,0
35212,山口県,柳井市,30799,10053,32.6406701516283
35213,山口県,美祢市,23247,0,0
35215,山口県,周南市,137540,85975,62.5090882652319
35216,山口県,山陽小野田市,60326,16100,26.6883267579485
35305,山口県,周防大島町,14798,0,0
35321,山口県,和木町,6034,0,0
35341,山口県,上関町,2342,0,0
35343,山口県,田布施町,14483,0,0
35344,山口県,平生町,11914,0,0
35502,山口県,阿武町,3055,0,0
36000,徳島県,徳島県,719559,241941,33.6235110671953
36201,徳島県,徳島市,252391,178226,70.6150377786847
36202,徳島県,鳴門市,54622,19083,34.9364724836147
36203,徳島県,小松島市,36149,14694,40.6484273423885
36204,徳島県,阿南市,69470,5128,7.38160356988628
36205,徳島県,吉野川市,38772,6134,15.8206953471577
36206,徳島県,阿波市,34713,0,0
36207,徳島県,美馬市,28055,0,0
36208,徳島県,三好市,23605,0,0
36301,徳島県,勝浦町,4837,0,0
36302,徳島県,上勝町,1380,0,0
36321,徳島県,佐那河内村,2058,0,0
36341,徳島県,石井町,24833,0,0
36342,徳島県,神山町,4647,0,0
36368,徳島県,那賀町,7367,0,0
36383,徳島県,牟岐町,3743,0,0
36387,徳島県,美波町,6222,0,0
36388,徳島県,海陽町,8358,0,0
36401,徳島県,松茂町,14583,0,0
36402,徳島県,北島町,22745,13329,58.6018905253902
36403,徳島県,藍住町,35246,5347,15.1705158032117
36404,徳島県,板野町,13042,0,0
36405,徳島県,上板町,11384,0,0
36468,徳島県,つるぎ町,7715,0,0
36489,徳島県,東みよし町,13622,0,0
37000,香川県,香川県,950244,314892,33.1380150782325
37201,香川県,高松市,417496,213549,51.1499511372564
37202,香川県,丸亀市,109513,37582,34.3173869768886
37203,香川県,坂出市,50624,21919,43.2976453855879
37204,香川県,善通寺市,31631,8615,27.235939426512
37205,香川県,観音寺市,57438,8302,14.4538458859988
37206,香川県,さぬき市,47003,5612,11.9396634257388
37207,香川県,東かがわ市,28279,0,0
37208,香川県,三豊市,61857,0,0
37322,香川県,土庄町,12846,0,0
37324,香川県,小豆島町,13870,0,0
37341,香川県,三木町,26878,0,0
37364,香川県,直島町,3103,0,0
37386,香川県,宇多津町,18699,12423,66.4367078453393
37387,香川県,綾川町,22693,0,0
37403,香川県,琴平町,8468,0,0
37404,香川県,多度津町,22445,6890,30.6972599688127
37406,香川県,まんのう町,17401,0,0
38000,愛媛県,愛媛県,1334841,720814,53.9999895118595
38201,愛媛県,松山市,511192,427540,83.6358941454483
38202,愛媛県,今治市,151672,59586,39.2860910385569
38203,愛媛県,宇和島市,70809,29893,42.2163849228205
38204,愛媛県,八幡浜市,31987,10985,34.3420764685654
38205,愛媛県,新居浜市,115938,84290,72.7026514171368
38206,愛媛県,西条市,104791,25609,24.4381673998721
38207,愛媛県,大洲市,40575,5078,12.5150955021565
38210,愛媛県,伊予市,35133,14857,42.2878774940939
38213,愛媛県,四国中央市,82754,32620,39.4180341735747
38214,愛媛県,西予市,35388,0,0
38215,愛媛県,東温市,33903,11222,33.1003156062885
38356,愛媛県,上島町,6509,0,0
38386,愛媛県,久万高原町,7404,0,0
38401,愛媛県,松前町,29630,13243,44.694566317921
38402,愛媛県,砥部町,20480,5891,28.7646484375
38422,愛媛県,内子町,15322,0,0
38442,愛媛県,伊方町,8397,0,0
38484,愛媛県,松野町,3674,0,0
38488,愛媛県,鬼北町,9682,0,0
38506,愛媛県,愛南町,19601,0,0
39000,高知県,高知県,691527,306502,44.322492108045
39201,高知県,高知市,326545,266025,81.4665666294079
39202,高知県,室戸市,11742,0,0
39203,高知県,安芸市,16243,0,0
39204,高知県,南国市,46664,12961,27.7751585804903
39205,高知県,土佐市,25732,6197,24.0828540338878
39206,高知県,須崎市,20590,0,0
39208,高知県,宿毛市,19033,0,0
39209,高知県,土佐清水市,12388,0,0
39210,高知県,四万十市,32694,10240,31.3207316327155
39211,高知県,香南市,32207,0,0
39212,高知県,香美市,26513,11079,41.7870478633123
39301,高知県,東洋町,2194,0,0
39302,高知県,奈半利町,3034,0,0
39303,高知県,田野町,2498,0,0
39304,高知県,安田町,2370,0,0
39305,高知県,北川村,1146,0,0
39306,高知県,馬路村,745,0,0
39307,高知県,芸西村,3694,0,0
39341,高知県,本山町,3261,0,0
39344,高知県,大豊町,3252,0,0
39363,高知県,土佐町,3753,0,0
39364,高知県,大川村,366,0,0
39386,高知県,いの町,21374,0,0
39387,高知県,仁淀川町,4827,0,0
39401,高知県,中土佐町,6002,0,0
39402,高知県,佐川町,12323,0,0
39403,高知県,越知町,5187,0,0
39405,高知県,檮原町,3307,0,0
39410,高知県,日高村,4812,0,0
39411,高知県,津野町,5291,0,0
39412,高知県,四万十町,15607,0,0
39424,高知県,大月町,4434,0,0
39427,高知県,三原村,1437,0,0
39428,高知県,黒潮町,10262,0,0
40000,福岡県,福岡県,5135214,3786685,73.7395754100998
40100,福岡県,北九州市,939029,852316,90.7656739035749
40130,福岡県,福岡市,1612392,1564151,97.0081096904475
40202,福岡県,大牟田市,111281,91868,82.5549734456017
40203,福岡県,久留米市,303316,188872,62.2690527370795
40204,福岡県,直方市,56212,22458,39.952323347328
40205,福岡県,飯塚市,126364,47677,37.7298914247729
40206,福岡県,田川市,46203,12014,26.0026405211783
40207,福岡県,柳川市,64475,9361,14.5188057386584
40210,福岡県,八女市,60608,7499,12.3729540654699
40211,福岡県,筑後市,48827,13268,27.1734900772114
40212,福岡県,大川市,32988,7564,22.9295501394446
40213,福岡県,行橋市,71426,29624,41.4750931033517
40214,福岡県,豊前市,24391,0,0
40215,福岡県,中間市,40362,31422,77.8504533967593
40216,福岡県,小郡市,59360,42100,70.9231805929919
40217,福岡県,筑紫野市,103311,76653,74.1963585678195
40218,福岡県,春日市,111023,111022,99.9990992857336
40219,福岡県,大野城市,102085,100004,97.9615026693442
40220,福岡県,宗像市,97095,61114,62.9424790153973
40221,福岡県,太宰府市,73164,65050,88.9098463725329
40223,福岡県,古賀市,58786,44212,75.208382948321
40224,福岡県,福津市,67033,54064,80.6528127936986
40225,福岡県,うきは市,27981,0,0
40226,福岡県,宮若市,26298,0,0
40227,福岡県,嘉麻市,35473,0,0
40228,福岡県,朝倉市,50273,12906,25.6718317983808
40229,福岡県,みやま市,35861,0,0
40230,福岡県,糸島市,98877,53244,53.8487211383841
40231,福岡県,那珂川市,50112,42926,85.6601213282248
40341,福岡県,宇美町,37671,22257,59.0825834196066
40342,福岡県,篠栗町,31209,21573,69.1242910698837
40343,福岡県,志免町,46377,41294,89.0398257757078
40344,福岡県,須惠町,28628,20062,70.078245074752
40345,福岡県,新宮町,32927,28861,87.6514714368148
40348,福岡県,久山町,9068,0,0
40349,福岡県,粕屋町,48190,42933,89.0910977381199
40381,福岡県,芦屋町,13545,7252,53.5400516795866
40382,福岡県,水巻町,28114,23360,83.0902753076759
40383,福岡県,岡垣町,31007,11366,36.6562389137937
40384,福岡県,遠賀町,18723,0,0
40401,福岡県,小竹町,7151,0,0
40402,福岡県,鞍手町,15080,0,0
40421,福岡県,桂川町,12878,0,0
40447,福岡県,筑前町,29591,0,0
40448,福岡県,東峰村,1899,0,0
40503,福岡県,大刀洗町,15521,0,0
40522,福岡県,大木町,13820,0,0
40544,福岡県,広川町,19969,0,0
40601,福岡県,香春町,10191,0,0
40602,福岡県,添田町,8801,0,0
40604,福岡県,糸田町,8407,0,0
40605,福岡県,川崎町,15176,0,0
40608,福岡県,大任町,5008,0,0
40609,福岡県,赤村,2774,0,0
40610,福岡県,福智町,21398,0,0
40621,福岡県,苅田町,37684,26338,69.891731238722
40625,福岡県,みやこ町,18825,0,0
40642,福岡県,吉富町,6536,0,0
40646,福岡県,上毛町,7251,0,0
40647,福岡県,築上町,17189,0,0
41000,佐賀県,佐賀県,811442,282878,34.8611484246564
41201,佐賀県,佐賀市,233301,139060,59.6054024629127
41202,佐賀県,唐津市,117373,42044,35.82084465763
41203,佐賀県,鳥栖市,74196,50374,67.8931478785919
41204,佐賀県,多久市,18295,0,0
41205,佐賀県,伊万里市,52629,12792,24.3059909935587
41206,佐賀県,武雄市,47914,7377,15.3963351003882
41207,佐賀県,鹿島市,27892,9582,34.3539366126488
41208,佐賀県,小城市,43952,6881,15.65571532581
41209,佐賀県,嬉野市,25848,0,0
41210,佐賀県,神埼市,31022,6851,22.0843272516279
41327,佐賀県,吉野ヶ里町,16323,0,0
41341,佐賀県,基山町,17250,7917,45.895652173913
41345,佐賀県,上峰町,9286,0,0
41346,佐賀県,みやき町,25511,0,0
41387,佐賀県,玄海町,5609,0,0
41401,佐賀県,有田町,19010,0,0
41423,佐賀県,大町町,6293,0,0
41424,佐賀県,江北町,9566,0,0
41425,佐賀県,白石町,22051,0,0
41441,佐賀県,太良町,8121,0,0
42000,長崎県,長崎県,1312317,631342,48.1089553819695
42201,長崎県,長崎市,409118,290853,71.0926920839465
42202,長崎県,佐世保市,243223,145910,59.9902147412046
42203,長崎県,島原市,43338,17176,39.6326549448521
42204,長崎県,諫早市,133852,62806,46.9219735229956
42205,長崎県,大村市,95397,66965,70.1961277608311
42207,長崎県,平戸市,29365,0,0
42208,長崎県,松浦市,21271,0,0
42209,長崎県,対馬市,28502,0,0
42210,長崎県,壱岐市,24948,0,0
42211,長崎県,五島市,34391,9265,26.9401878398418
42212,長崎県,西海市,26275,0,0
42213,長崎県,雲仙市,41096,0,0
42214,長崎県,南島原市,42330,0,0
42307,長崎県,長与町,40780,18966,46.5080922020598
42308,長崎県,時津町,29339,19401,66.1269981935308
42321,長崎県,東彼杵町,7721,0,0
42322,長崎県,川棚町,13377,0,0
42323,長崎県,波佐見町,14291,0,0
42383,長崎県,小値賀町,2288,0,0
42391,長崎県,佐々町,13912,0,0
42411,長崎県,新上五島町,17503,0,0
43000,熊本県,熊本県,1738301,865846,49.8099005868374
43100,熊本県,熊本市,738865,596988,80.7979806865936
43202,熊本県,八代市,123067,54592,44.3595764908546
43203,熊本県,人吉市,31108,11517,37.022630834512
43204,熊本県,荒尾市,50832,25855,50.8636292099465
43205,熊本県,水俣市,23557,10753,45.6467292100013
43206,熊本県,玉名市,64292,12264,19.075468176445
43208,熊本県,山鹿市,49025,12328,25.1463539010709
43210,熊本県,菊池市,46416,6273,13.5147362978283
43211,熊本県,宇土市,36122,10167,28.1462820441836
43212,熊本県,上天草市,24563,0,0
43213,熊本県,宇城市,57032,7965,13.9658437368495
43214,熊本県,阿蘇市,24930,0,0
43215,熊本県,天草市,75783,14164,18.6902075663407
43216,熊本県,合志市,61772,40816,66.0752444473224
43348,熊本県,美里町,9392,0,0
43364,熊本県,玉東町,5045,0,0
43367,熊本県,南関町,8979,0,0
43368,熊本県,長洲町,15372,0,0
43369,熊本県,和水町,9342,0,0
43403,熊本県,大津町,35187,8691,24.6994628698099
43404,熊本県,菊陽町,43337,32159,74.2067978863327
43423,熊本県,南小国町,3750,0,0
43424,熊本県,小国町,6590,0,0
43425,熊本県,産山村,1382,0,0
43428,熊本県,高森町,5789,0,0
43432,熊本県,西原村,6426,0,0
43433,熊本県,南阿蘇村,9836,0,0
43441,熊本県,御船町,16303,0,0
43442,熊本県,嘉島町,9547,0,0
43443,熊本県,益城町,32510,21314,65.5613657336204
43444,熊本県,甲佐町,10132,0,0
43447,熊本県,山都町,13503,0,0
43468,熊本県,氷川町,11094,0,0
43482,熊本県,芦北町,15681,0,0
43484,熊本県,津奈木町,4254,0,0
43501,熊本県,錦町,10288,0,0
43505,熊本県,多良木町,9076,0,0
43506,熊本県,湯前町,3627,0,0
43507,熊本県,水上村,2033,0,0
43510,熊本県,相良村,4070,0,0
43511,熊本県,五木村,931,0,0
43512,熊本県,山江村,3238,0,0
43513,熊本県,球磨村,2433,0,0
43514,熊本県,あさぎり町,14676,0,0
43531,熊本県,苓北町,7114,0,0
44000,大分県,大分県,1123852,547792,48.7423610938095
44201,大分県,大分市,475614,351227,73.8470692620486
44202,大分県,別府市,115321,101008,87.5885571578464
44203,大分県,中津市,82863,25772,31.1019393456669
44204,大分県,日田市,62657,27859,44.4627096733007
44205,大分県,佐伯市,66851,22447,33.5776577762487
44206,大分県,臼杵市,36158,12844,35.5218762099674
44207,大分県,津久見市,16100,6635,41.2111801242236
44208,大分県,竹田市,20332,0,0
44209,大分県,豊後高田市,22112,0,0
44210,大分県,杵築市,27999,0,0
44211,大分県,宇佐市,52771,0,0
44212,大分県,豊後大野市,33695,0,0
44213,大分県,由布市,32772,0,0
44214,大分県,国東市,26232,0,0
44322,大分県,姫島村,1725,0,0
44341,大分県,日出町,27723,0,0
44461,大分県,九重町,8541,0,0
44462,大分県,玖珠町,14386,0,0
45000,宮崎県,宮崎県,1069576,509617,47.646637546093
45201,宮崎県,宮崎市,401339,277345,69.1049212760285
45202,宮崎県,都城市,160640,69037,42.9762201195219
45203,宮崎県,延岡市,118394,78838,66.5895231177256
45204,宮崎県,日南市,50848,12282,24.1543423536816
45205,宮崎県,小林市,43670,7287,16.6865124799634
45206,宮崎県,日向市,59629,39762,66.6823190058529
45207,宮崎県,串間市,16822,0,0
45208,宮崎県,西都市,28610,6583,23.0094372596994
45209,宮崎県,えびの市,17638,0,0
45341,宮崎県,三股町,25591,0,0
45361,宮崎県,高原町,8639,0,0
45382,宮崎県,国富町,18398,0,0
45383,宮崎県,綾町,6934,0,0
45401,宮崎県,高鍋町,19922,9653,48.4539704848911
45402,宮崎県,新富町,16564,0,0
45403,宮崎県,西米良村,1000,0,0
45404,宮崎県,木城町,4895,0,0
45405,宮崎県,川南町,15194,0,0
45406,宮崎県,都農町,9906,0,0
45421,宮崎県,門川町,17379,8830,50.8084469762357
45429,宮崎県,諸塚村,1486,0,0
45430,宮崎県,椎葉村,2503,0,0
45431,宮崎県,美郷町,4826,0,0
45441,宮崎県,高千穂町,11642,0,0
45442,宮崎県,日之影町,3635,0,0
45443,宮崎県,五ヶ瀬町,3472,0,0
46000,鹿児島県,鹿児島県,1588256,660703,41.5992761872142
46201,鹿児島県,鹿児島市,593128,478507,80.6751662373046
46203,鹿児島県,鹿屋市,101096,25656,25.3778586689879
46204,鹿児島県,枕崎市,20033,8087,40.3683921529476
46206,鹿児島県,阿久根市,19270,0,0
46208,鹿児島県,出水市,51994,0,0
46210,鹿児島県,指宿市,39011,5479,14.0447566071108
46213,鹿児島県,西之表市,14708,0,0
46214,鹿児島県,垂水市,13819,0,0
46215,鹿児島県,薩摩川内市,92403,21215,22.959211281019
46216,鹿児島県,日置市,47153,5176,10.9770322142812
46217,鹿児島県,曽於市,33310,0,0
46218,鹿児島県,霧島市,123135,49490,40.1916595606448
46219,鹿児島県,いちき串木野市,27490,11437,41.6042197162605
46220,鹿児島県,南さつま市,32887,0,0
46221,鹿児島県,志布志市,29329,0,0
46222,鹿児島県,奄美市,41390,12662,30.5919304179754
46223,鹿児島県,南九州市,33080,0,0
46224,鹿児島県,伊佐市,24453,0,0
46225,鹿児島県,姶良市,76348,42994,56.3131974642427
46303,鹿児島県,三島村,405,0,0
46304,鹿児島県,十島村,740,0,0
46392,鹿児島県,さつま町,20243,0,0
46404,鹿児島県,長島町,9705,0,0
46452,鹿児島県,湧水町,9119,0,0
46468,鹿児島県,大崎町,12385,0,0
46482,鹿児島県,東串良町,6237,0,0
46490,鹿児島県,錦江町,6944,0,0
46491,鹿児島県,南大隅町,6481,0,0
46492,鹿児島県,肝付町,14227,0,0
46501,鹿児島県,中種子町,7539,0,0
46502,鹿児島県,南種子町,5445,0,0
46505,鹿児島県,屋久島町,11858,0,0
46523,鹿児島県,大和村,1364,0,0
46524,鹿児島県,宇検村,1621,0,0
46525,鹿児島県,瀬戸内町,8546,0,0
46527,鹿児島県,龍郷町,5817,0,0
46529,鹿児島県,喜界町,6629,0,0
46530,鹿児島県,徳之島町,10147,0,0
46531,鹿児島県,天城町,5517,0,0
46532,鹿児島県,伊仙町,6139,0,0
46533,鹿児島県,和泊町,6246,0,0
46534,鹿児島県,知名町,5750,0,0
46535,鹿児島県,与論町,5115,0,0
47000,沖縄県,沖縄県,1467480,1023230,69.727015018944
47201,沖縄県,那覇市,317625,316580,99.6709956709957
47205,沖縄県,宜野湾市,100125,98886,98.7625468164794
47207,沖縄県,石垣市,47637,32253,67.7057749228541
47208,沖縄県,浦添市,115690,113204,97.8511539458899
47209,沖縄県,名護市,63554,32173,50.6230921735847
47210,沖縄県,糸満市,61007,37403,61.3093579425312
47211,沖縄県,沖縄市,142752,133572,93.5692669804976
47212,沖縄県,豊見城市,64612,45688,70.7113229740605
47213,沖縄県,うるま市,125303,62071,49.536722983488
47214,沖縄県,宮古島市,52931,19723,37.2617180858098
47215,沖縄県,南城市,44043,0,0
47301,沖縄県,国頭村,4517,0,0
47302,沖縄県,大宜味村,3092,0,0
47303,沖縄県,東村,1598,0,0
47306,沖縄県,今帰仁村,8894,0,0
47308,沖縄県,本部町,12530,0,0
47311,沖縄県,恩納村,10869,0,0
47313,沖縄県,宜野座村,5833,0,0
47314,沖縄県,金武町,10806,0,0
47315,沖縄県,伊江村,4118,0,0
47324,沖縄県,読谷村,41206,18882,45.8234237732369
47325,沖縄県,嘉手納町,13521,12951,95.7843354781451
47326,沖縄県,北谷町,28201,20441,72.4832452749903
47327,沖縄県,北中城村,17969,0,0
47328,沖縄県,中城村,22157,9309,42.013810533917
47329,沖縄県,西原町,34984,10956,31.3171735650583
47348,沖縄県,与那原町,19695,16931,85.965981213506
47350,沖縄県,南風原町,40440,31965,79.0430267062315
47353,沖縄県,渡嘉敷村,718,0,0
47354,沖縄県,座間味村,892,0,0
47355,沖縄県,粟国村,683,0,0
47356,沖縄県,渡名喜村,346,0,0
47357,沖縄県,南大東村,1285,0,0
47358,沖縄県,北大東村,590,0,0
47359,沖縄県,伊平屋村,1126,0,0
47360,沖縄県,伊是名村,1322,0,0
47361,沖縄県,久米島町,7192,0,0
47362,沖縄県,八重瀬町,30941,10242,33.1017097055687
47375,沖縄県,多良間村,1058,0,0
47381,沖縄県,竹富町,3942,0,0
47382,沖縄県,与那国町,1676,0,0
